"Transaction Hash","Blockno","UnixTimestamp","DateTime (UTC)","From","To","ContractAddress","Value_IN(ETH)","Value_OUT(ETH)","CurrentValue @ $2079.27514671362/Eth","TxnFee(ETH)","TxnFee(USD)","Historical $Price/Eth","Status","ErrCode","Method"
"0xf3c798cb53140415a093ba38f6f61beb87a83ba0c0050841afc0825edb76f415","24567469","1772426855","2026-03-02 04:47:35","0x6b834a2f2a24ae7e592aa0843aa2bdf58157bee7","0xde0b295669a9fd93d5f28d9ec85e40f4cb697bae","","0","0","0","0.000003272315324238","0.00680404392589819","2027.46","","","Is Owner"
"0x1aeebe6e6c8483a4a106260cac3bc0f3d0bd85b9ff9d6b02b86491702c3efb81","24568289","1772436755","2026-03-02 07:32:35","0x6b834a2f2a24ae7e592aa0843aa2bdf58157bee7","0xde0b295669a9fd93d5f28d9ec85e40f4cb697bae","","0","0","0","0.000003737004167232","0.00777025988809073","2027.46","","","Add Owner"
"0x09ad027e113a9ac6669e5541646ca618388b6504066464f87dd1388885bff1c2","24593647","1772742323","2026-03-05 20:25:23","0x53504210fd7bbf2506cb3ade7dadb600d77e82b3","0xde0b295669a9fd93d5f28d9ec85e40f4cb697bae","","0","0","0","0.000001710632975716","0.00355687663155504","2073.07","","","-"
"0x5faf5650efd92d97f4485964f6958e057ab84d61bd87485a1d68a40ae993a4db","24593658","1772742455","2026-03-05 20:27:35","0x53504210fd7bbf2506cb3ade7dadb600d77e82b3","0xde0b295669a9fd93d5f28d9ec85e40f4cb697bae","","0","0","0","0.000001523743536746","0.00316828206592147","2073.07","","","Transfer"
"0x17f950164caa2420ab32d57c7a2ebf2b2f8981318e80f3f048e3cb5a5e331450","24600586","1772826275","2026-03-06 19:44:35","0x53504210fd7bbf2506cb3ade7dadb600d77e82b3","0xde0b295669a9fd93d5f28d9ec85e40f4cb697bae","","0","0","0","0.0000012289206321","0.00255526412760912","1978.55","","","0x4f41c5b5"
"0x38ba9bbc33eff8d02b2bccaa2c56ed3bf141ee5727c45bce707dcc1809787138","24635869","1773251951","2026-03-11 17:59:11","0xfb0e46ce306b60d700206f749b122ba17f1d9d7f","0xde0b295669a9fd93d5f28d9ec85e40f4cb697bae","","0","0","0","0.000003064538170516","0.00637201805410914","2052.28","","","Kill"
"0x9a4921117f61fc4732b3b97ae0a7435bf391d68ba4a22248dc688038ce9a2652","24652332","1773450491","2026-03-14 01:08:11","0x12912d831c9fd3ac917c30f3f033c4f0ab26fe9f","0xde0b295669a9fd93d5f28d9ec85e40f4cb697bae","","0.000000000000000001","0","0.0000000000000020792751467136","0.000000629518596","0.00130894237105685","2096.74","Error(0)","out of gas","Transfer"
"0xc4845092f46d10cd3eb35dd1e8fec768eef68e3cb68f1c3395e66ae0abaa7c37","24652477","1773452231","2026-03-14 01:37:11","0x12912d831c9fd3ac917c30f3f033c4f0ab26fe9f","0xde0b295669a9fd93d5f28d9ec85e40f4cb697bae","","0.000000000000000001","0","0.0000000000000020792751467136","0.000000688001265","0.00143054393122203","2096.74","Error(0)","out of gas","Transfer"
"0x114c0fb497a1c7963f1fd105da655109c5a67a51e74d53301381fef744e2c887","24653207","1773461015","2026-03-14 04:03:35","0x12912d831c9fd3ac917c30f3f033c4f0ab26fe9f","0xde0b295669a9fd93d5f28d9ec85e40f4cb697bae","","0.000000000000000001","0","0.0000000000000020792751467136","0.000000639252936","0.00132918274228851","2096.74","Error(0)","out of gas","Transfer"
"0x2562c9acc6e6dd2a37d066398f71fe18dbfcf71939bff40cb3980d614b754713","24653397","1773463295","2026-03-14 04:41:35","0x12912d831c9fd3ac917c30f3f033c4f0ab26fe9f","0xde0b295669a9fd93d5f28d9ec85e40f4cb697bae","","0.000000000000000001","0","0.0000000000000020792751467136","0.000000633001341","0.00131618395617769","2096.74","Error(0)","out of gas","Transfer"
"0x967c04cc163cc18cdf5fcf728ef6e810b4e51c9a4b2a75facfcf7005378b859c","24653584","1773465551","2026-03-14 05:19:11","0x12912d831c9fd3ac917c30f3f033c4f0ab26fe9f","0xde0b295669a9fd93d5f28d9ec85e40f4cb697bae","","0.000000000000000001","0","0.0000000000000020792751467136","0.000000646755438","0.00134478250823528","2096.74","Error(0)","out of gas","Transfer"
"0x6b9784a7a213b2b6f37964e0a14d4b5705c3bd23c60d25a342f45f96fe9a80d1","24653760","1773467663","2026-03-14 05:54:23","0x12912d831c9fd3ac917c30f3f033c4f0ab26fe9f","0xde0b295669a9fd93d5f28d9ec85e40f4cb697bae","","0.000000000000000001","0","0.0000000000000020792751467136","0.000000684657792","0.00142359193090942","2096.74","Error(0)","out of gas","Transfer"
"0xa40f3f3fcd8021a3533d88eacd4e6bb994d935ede0b81befada9f3e3307bb929","24653959","1773470063","2026-03-14 06:34:23","0x12912d831c9fd3ac917c30f3f033c4f0ab26fe9f","0xde0b295669a9fd93d5f28d9ec85e40f4cb697bae","","0.000000000000000001","0","0.0000000000000020792751467136","0.000000645228927","0.0013416084718518","2096.74","Error(0)","out of gas","Transfer"
"0x8a4b196acab5986d906d94792eed7477cb927edcc9390c2c5e097f4f2b51e662","24654155","1773472427","2026-03-14 07:13:47","0x12912d831c9fd3ac917c30f3f033c4f0ab26fe9f","0xde0b295669a9fd93d5f28d9ec85e40f4cb697bae","","0.000000000000000001","0","0.0000000000000020792751467136","0.000001058206233","0.00220030192037434","2096.74","Error(0)","out of gas","Transfer"
"0x6aaadbae68f992aeec3dd2d1879a473d22c0b6843659f0826b077a8c1aeaf153","24654553","1773477239","2026-03-14 08:33:59","0x12912d831c9fd3ac917c30f3f033c4f0ab26fe9f","0xde0b295669a9fd93d5f28d9ec85e40f4cb697bae","","0.000000000000000001","0","0.0000000000000020792751467136","0.000001054328289","0.00219223860779479","2096.74","Error(0)","out of gas","Transfer"
"0x6833f8811896ff7b4d01cb6265b61c2fadf53c95b6acdaa61c6ce22f9e60c0c2","24654716","1773479195","2026-03-14 09:06:35","0x12912d831c9fd3ac917c30f3f033c4f0ab26fe9f","0xde0b295669a9fd93d5f28d9ec85e40f4cb697bae","","0.000000000000000001","0","0.0000000000000020792751467136","0.000000910942011","0.00189409908356962","2096.74","Error(0)","out of gas","Transfer"
"0x3d6adfe592001a2bc584bca6e480ad05cc78c649cb9015c6a231d7a37d2d8aa0","24655251","1773485639","2026-03-14 10:53:59","0x12912d831c9fd3ac917c30f3f033c4f0ab26fe9f","0xde0b295669a9fd93d5f28d9ec85e40f4cb697bae","","0.000000000000000001","0","0.0000000000000020792751467136","0.0000006981345","0.00145161371491334","2096.74","Error(0)","out of gas","Transfer"
"0x6fc2ffa896a466d351f5f067d840984864917fba32030117e2970e753c5bee6b","24655408","1773487523","2026-03-14 11:25:23","0x12912d831c9fd3ac917c30f3f033c4f0ab26fe9f","0xde0b295669a9fd93d5f28d9ec85e40f4cb697bae","","0.000000000000000001","0","0.0000000000000020792751467136","0.000000628043367","0.00130587496406144","2096.74","Error(0)","out of gas","Transfer"
"0xeeb26d08ff53337be1c90f7292bc81fe8ab48e9f97558ccad7bc8bed6c1a5866","24655762","1773491783","2026-03-14 12:36:23","0x12912d831c9fd3ac917c30f3f033c4f0ab26fe9f","0xde0b295669a9fd93d5f28d9ec85e40f4cb697bae","","0.000000000000000001","0","0.0000000000000020792751467136","0.000001682542722","0.00349846926513848","2096.74","Error(0)","out of gas","Transfer"
"0x28dd8df130fac45d8dcacf9a393e9718c2095f0ffcd667d6978501ecfa1885a1","24655905","1773493499","2026-03-14 13:04:59","0x12912d831c9fd3ac917c30f3f033c4f0ab26fe9f","0xde0b295669a9fd93d5f28d9ec85e40f4cb697bae","","0.000000000000000001","0","0.0000000000000020792751467136","0.000001032330957","0.00214650010207319","2096.74","Error(0)","out of gas","Transfer"
"0x1802d8b9d052cba40aeac4020f9f1c9ab2631263f78086adf1e305d4c95270f0","24656069","1773495467","2026-03-14 13:37:47","0x12912d831c9fd3ac917c30f3f033c4f0ab26fe9f","0xde0b295669a9fd93d5f28d9ec85e40f4cb697bae","","0.000000000000000001","0","0.0000000000000020792751467136","0.000000832110132","0.00173018591679619","2096.74","Error(0)","out of gas","Transfer"
"0x407b24a59300089155a6f5f5fbc4e8c9ae2dc45bffbda42c71ac73d1bbbadb5f","24656219","1773497267","2026-03-14 14:07:47","0x12912d831c9fd3ac917c30f3f033c4f0ab26fe9f","0xde0b295669a9fd93d5f28d9ec85e40f4cb697bae","","0.000000000000000001","0","0.0000000000000020792751467136","0.000001488511815","0.00309502562251908","2096.74","Error(0)","out of gas","Transfer"
"0xb827923dd518906ac939c9ea25063c155d98d95745aa2e6fcfdddc918a61d8d1","24690828","1773914807","2026-03-19 10:06:47","0x651f3a9a59b69e284f834f4914a6ed206a516371","0xde0b295669a9fd93d5f28d9ec85e40f4cb697bae","","0","0","0","0.000002520157400496","0.00524010064865774","2137.97","","","Is Owner"
"0x57af36572cb6966b7901558eeb47ffef9bfb717cd42ca9843e7945b214d264d0","24694781","1773962363","2026-03-19 23:19:23","0x651f3a9a59b69e284f834f4914a6ed206a516371","0xde0b295669a9fd93d5f28d9ec85e40f4cb697bae","","0","0","0","0.000001100618159742","0.00228848798557322","2137.97","","","Is Owner"
"0x7734b9eca63444c66573e4ffad56f57a7ee066288681de3110affd94b655cb22","24694783","1773962387","2026-03-19 23:19:47","0x651f3a9a59b69e284f834f4914a6ed206a516371","0xde0b295669a9fd93d5f28d9ec85e40f4cb697bae","","0","0","0","0.000001179054783888","0.00245157930875212","2137.97","","","Add Owner"
"0x4b291516baf74de887307e963b065093ab661fcc70cf48f4eb8db0003ecf3228","24698484","1774006967","2026-03-20 11:42:47","0x651f3a9a59b69e284f834f4914a6ed206a516371","0xde0b295669a9fd93d5f28d9ec85e40f4cb697bae","","0","0","0","0.000050121512803728","0.10421641588848","2145.95","","","Change Requirement"
"0xe299dd4b75efadcf1b4af1ae9e9e03a741032c8db8f531a1bf3951888f253684","24698495","1774007099","2026-03-20 11:44:59","0x651f3a9a59b69e284f834f4914a6ed206a516371","0xde0b295669a9fd93d5f28d9ec85e40f4cb697bae","","0","0","0","0.00005041427314538","0.104825145190821","2145.95","","","Confirm"
"0x068c37b2e5ee8a57cc121cfc01b0e32a42b58b2e92431b1cd3525dc2375dfff7","24698499","1774007147","2026-03-20 11:45:47","0x651f3a9a59b69e284f834f4914a6ed206a516371","0xde0b295669a9fd93d5f28d9ec85e40f4cb697bae","","0","0","0","0.000051028652882616","0.1061026097091","2145.95","","","Execute"
"0xecdba8db3928add2df0cd8adcf2460fc47ed84cf955666e6369a32f4d35dbf7f","24698755","1774010219","2026-03-20 12:36:59","0x651f3a9a59b69e284f834f4914a6ed206a516371","0xde0b295669a9fd93d5f28d9ec85e40f4cb697bae","","0","0","0","0.000049170670947792","0.102239354048977","2145.95","","","Change Requirement"
"0x86a6b7a64145f2788e7f0289e87e18157723cccb3e790162f6eab0749fb22f85","24698870","1774011599","2026-03-20 12:59:59","0x651f3a9a59b69e284f834f4914a6ed206a516371","0xde0b295669a9fd93d5f28d9ec85e40f4cb697bae","","0","0","0","0.000001040930186922","0.00216438026713088","2145.95","","","Reset Spent Today"
"0xd0871ff5799407559813fcdda952567d24177636f3f2635a421f6ebf7634086c","24701292","1774040759","2026-03-20 21:05:59","0xa7c0b5c271b35ae5223e6f33a655e02bf67a0546","0xde0b295669a9fd93d5f28d9ec85e40f4cb697bae","","0","0","0","0.000001389552219792","0.00288926139567425","2145.95","","","Add Owner"
"0xf004308cdb4d0561aa5c2d0303689b862a4658b8c23a47083a577d80df980f8b","24701307","1774040939","2026-03-20 21:08:59","0xa7c0b5c271b35ae5223e6f33a655e02bf67a0546","0xde0b295669a9fd93d5f28d9ec85e40f4cb697bae","","0","0","0","0.000001449383549535","0.00301366719260369","2145.95","","","Is Owner"
"0x91bf46f6a59fc63f4af4567bcc3f6b08992ceda43ebc5e1e82cf0b6612f24e9d","24701343","1774041371","2026-03-20 21:16:11","0xa7c0b5c271b35ae5223e6f33a655e02bf67a0546","0xde0b295669a9fd93d5f28d9ec85e40f4cb697bae","","0","0","0","0.0000018248296768","0.00379432299395569","2145.95","","","Kill"
"0x349ea8881b64b97b1112e1776ea642b8716b92fae7ad9c78e9286ef4111144d3","24701408","1774042163","2026-03-20 21:29:23","0xa7c0b5c271b35ae5223e6f33a655e02bf67a0546","0xde0b295669a9fd93d5f28d9ec85e40f4cb697bae","","0","0","0","0.000002208527306148","0.00459213593851192","2145.95","","","Execute"
"0xce65c2b27f31c6c292f7e229b78114b44cbbc34966f233945601f7b2a13b96a1","24701436","1774042499","2026-03-20 21:34:59","0xa7c0b5c271b35ae5223e6f33a655e02bf67a0546","0xde0b295669a9fd93d5f28d9ec85e40f4cb697bae","","0","0","0","0.000001834148610324","0.00381369962082602","2145.95","","","Reset Spent Today"
"0x1c4d7ec7c6de81bb1f345fd37ec699b611e923b91c1a8de4ee8e916f7c52c80e","24701455","1774042727","2026-03-20 21:38:47","0xa7c0b5c271b35ae5223e6f33a655e02bf67a0546","0xde0b295669a9fd93d5f28d9ec85e40f4cb697bae","","0","0","0","0.000001659587239704","0.00345073850131959","2145.95","","","Execute"
